,Year,State,state_minwage,state_minwage_2020d,fed_minwage,fed_minwage_2020d,eff_minwage,eff_minwage_2020d,cpi_avg,uncleaned_dol,dol_low,dol_low_2020d,dol_high,dol_high_2020d,Unemployment
0,1976,Colorado,1.0,4.55,2.2,10.0,2.2,10.0,56.9,1.00 - 1.25(b),1.0,4.55,1.25,5.68,5.916666666666667
1,1976,Illinois,2.1,9.55,2.2,10.0,2.2,10.0,56.9,2.1,2.1,9.55,2.1,9.55,6.55
2,1976,Massachusetts,2.1,9.55,2.2,10.0,2.2,10.0,56.9,2.1,2.1,9.55,2.1,9.55,9.741666666666667
3,1976,New York,2.3,10.46,2.2,10.0,2.3,10.46,56.9,2.3,2.3,10.46,2.3,10.46,10.208333333333334
4,1976,Pennsylvania,2.2,10.0,2.2,10.0,2.2,10.0,56.9,2.2,2.2,10.0,2.2,10.0,8.008333333333333
5,1976,Texas,1.4,6.36,2.2,10.0,2.2,10.0,56.9,1.4,1.4,6.36,1.4,6.36,5.816666666666666
6,1977,Colorado,1.0,4.27,2.2,9.39,2.2,9.39,60.6,1.00 - 1.25(b),1.0,4.27,1.25,5.34,6.3500000000000005
7,1977,Illinois,2.1,8.96,2.2,9.39,2.2,9.39,60.6,2.1,2.1,8.96,2.1,8.96,6.191666666666666
8,1977,Massachusetts,2.1,8.96,2.2,9.39,2.2,9.39,60.6,2.1,2.1,8.96,2.1,8.96,7.866666666666667
9,1977,New York,2.3,9.82,2.2,9.39,2.3,9.82,60.6,2.3,2.3,9.82,2.3,9.82,9.166666666666666
10,1977,Pennsylvania,2.2,9.39,2.2,9.39,2.2,9.39,60.6,2.2,2.2,9.39,2.2,9.39,7.741666666666667
11,1977,Texas,1.4,5.98,2.2,9.39,2.2,9.39,60.6,1.4,1.4,5.98,1.4,5.98,5.433333333333334
12,1978,Colorado,1.0,3.97,2.2,8.73,2.2,8.73,65.2,1.00 - 1.25(b),1.0,3.97,1.25,4.96,5.558333333333334
13,1978,Illinois,2.1,8.33,2.2,8.73,2.2,8.73,65.2,2.1,2.1,8.33,2.1,8.33,5.983333333333333
14,1978,Massachusetts,2.1,8.33,2.2,8.73,2.2,8.73,65.2,2.1,2.1,8.33,2.1,8.33,6.158333333333334
15,1978,New York,2.3,9.12,2.2,8.73,2.3,9.12,65.2,2.3,2.3,9.12,2.3,9.12,7.708333333333333
16,1978,Pennsylvania,2.2,8.73,2.2,8.73,2.2,8.73,65.2,2.2,2.2,8.73,2.2,8.73,7.008333333333333
17,1978,Texas,1.4,5.55,2.2,8.73,2.2,8.73,65.2,1.4,1.4,5.55,1.4,5.55,4.866666666666666
18,1979,Colorado,1.9,6.77,2.9,10.33,2.9,10.33,72.6,1.9,1.9,6.77,1.9,6.77,4.616666666666666
19,1979,Illinois,2.3,8.19,2.9,10.33,2.9,10.33,72.6,2.3,2.3,8.19,2.3,8.19,5.583333333333333
20,1979,Massachusetts,2.9,10.33,2.9,10.33,2.9,10.33,72.6,2.9,2.9,10.33,2.9,10.33,5.483333333333333
21,1979,New York,2.9,10.33,2.9,10.33,2.9,10.33,72.6,2.9,2.9,10.33,2.9,10.33,7.1000000000000005
22,1979,Pennsylvania,2.9,10.33,2.9,10.33,2.9,10.33,72.6,2.9,2.9,10.33,2.9,10.33,6.9750000000000005
23,1979,Texas,1.4,4.99,2.9,10.33,2.9,10.33,72.6,1.4,1.4,4.99,1.4,4.99,4.416666666666667
24,1980,Colorado,1.9,5.96,3.1,9.73,3.1,9.73,82.4,1.9,1.9,5.96,1.9,5.96,5.883333333333333
25,1980,Illinois,2.3,7.22,3.1,9.73,3.1,9.73,82.4,2.3,2.3,7.22,2.3,7.22,8.216666666666667
26,1980,Massachusetts,3.1,9.73,3.1,9.73,3.1,9.73,82.4,3.1,3.1,9.73,3.1,9.73,5.766666666666667
27,1980,New York,3.1,9.73,3.1,9.73,3.1,9.73,82.4,3.1,3.1,9.73,3.1,9.73,7.433333333333334
28,1980,Pennsylvania,3.1,9.73,3.1,9.73,3.1,9.73,82.4,3.1,3.1,9.73,3.1,9.73,8.141666666666667
29,1980,Texas,1.4,4.39,3.1,9.73,3.1,9.73,82.4,1.4,1.4,4.39,1.4,4.39,5.25
30,1981,Colorado,1.9,5.41,3.35,9.53,3.35,9.53,90.9,1.9,1.9,5.41,1.9,5.41,5.641666666666667
31,1981,Illinois,2.3,6.54,3.35,9.53,3.35,9.53,90.9,2.3,2.3,6.54,2.3,6.54,8.625
32,1981,Massachusetts,3.35,9.53,3.35,9.53,3.35,9.53,90.9,3.35,3.35,9.53,3.35,9.53,6.391666666666667
33,1981,New York,3.35,9.53,3.35,9.53,3.35,9.53,90.9,3.35,3.35,9.53,3.35,9.53,7.558333333333334
34,1981,Pennsylvania,3.35,9.53,3.35,9.53,3.35,9.53,90.9,3.35,3.35,9.53,3.35,9.53,8.366666666666667
35,1981,Texas,1.4,3.98,3.35,9.53,3.35,9.53,90.9,1.4,1.4,3.98,1.4,3.98,5.3500000000000005
36,1982,Colorado,1.9,5.09,3.35,8.98,3.35,8.98,96.5,1.9,1.9,5.09,1.9,5.09,7.608333333333333
37,1982,Illinois,2.3,6.16,3.35,8.98,3.35,8.98,96.5,2.3,2.3,6.16,2.3,6.16,11.4
38,1982,Massachusetts,3.35,8.98,3.35,8.98,3.35,8.98,96.5,3.35,3.35,8.98,3.35,8.98,7.791666666666667
39,1982,New York,3.35,8.98,3.35,8.98,3.35,8.98,96.5,3.35,3.35,8.98,3.35,8.98,8.700000000000001
40,1982,Pennsylvania,3.35,8.98,3.35,8.98,3.35,8.98,96.5,3.35,3.35,8.98,3.35,8.98,10.9
41,1982,Texas,1.4,3.75,3.35,8.98,3.35,8.98,96.5,1.4,1.4,3.75,1.4,3.75,6.8999999999999995
42,1983,Colorado,1.9,4.93,3.35,8.7,3.35,8.7,99.6,1.9,1.9,4.93,1.9,4.93,7.116666666666667
43,1983,Illinois,2.3,5.97,3.35,8.7,3.35,8.7,99.6,2.3,2.3,5.97,2.3,5.97,11.708333333333334
44,1983,Massachusetts,3.35,8.7,3.35,8.7,3.35,8.7,99.6,3.35,3.35,8.7,3.35,8.7,6.933333333333334
45,1983,New York,3.35,8.7,3.35,8.7,3.35,8.7,99.6,3.35,3.35,8.7,3.35,8.7,8.883333333333333
46,1983,Pennsylvania,3.35,8.7,3.35,8.7,3.35,8.7,99.6,3.35,3.35,8.7,3.35,8.7,11.108333333333334
47,1983,Texas,1.4,3.64,3.35,8.7,3.35,8.7,99.6,1.4,1.4,3.64,1.4,3.64,8.058333333333334
48,1984,Colorado,1.9,4.73,3.35,8.34,3.35,8.34,103.9,1.9,1.9,4.73,1.9,4.73,5.491666666666667
49,1984,Illinois,2.3,5.73,3.35,8.34,3.35,8.34,103.9,2.3,2.3,5.73,2.3,5.73,9.133333333333335
50,1984,Massachusetts,3.35,8.34,3.35,8.34,3.35,8.34,103.9,3.35,3.35,8.34,3.35,8.34,4.7749999999999995
51,1984,New York,3.35,8.34,3.35,8.34,3.35,8.34,103.9,3.35,3.35,8.34,3.35,8.34,7.2250000000000005
52,1984,Pennsylvania,3.35,8.34,3.35,8.34,3.35,8.34,103.9,3.35,3.35,8.34,3.35,8.34,8.933333333333334
53,1984,Texas,1.4,3.49,3.35,8.34,3.35,8.34,103.9,1.4,1.4,3.49,1.4,3.49,6.158333333333334
54,1985,Colorado,1.9,4.57,3.35,8.05,3.35,8.05,107.6,1.9,1.9,4.57,1.9,4.57,5.983333333333333
55,1985,Illinois,2.3,5.53,3.35,8.05,3.35,8.05,107.6,2.3,2.3,5.53,2.3,5.53,9.058333333333334
56,1985,Massachusetts,3.35,8.05,3.35,8.05,3.35,8.05,107.6,3.35,3.35,8.05,3.35,8.05,4.1499999999999995
57,1985,New York,3.35,8.05,3.35,8.05,3.35,8.05,107.6,3.35,3.35,8.05,3.35,8.05,6.6000000000000005
58,1985,Pennsylvania,3.35,8.05,3.35,8.05,3.35,8.05,107.6,3.35,3.35,8.05,3.35,8.05,8.0
59,1985,Texas,1.4,3.37,3.35,8.05,3.35,8.05,107.6,1.4,1.4,3.37,1.4,3.37,7.0249999999999995
60,1986,Colorado,1.9,4.48,3.35,7.91,3.35,7.91,109.6,1.9,1.9,4.48,1.9,4.48,7.516666666666667
61,1986,Illinois,2.3,5.43,3.35,7.91,3.35,7.91,109.6,2.3,2.3,5.43,2.3,5.43,8.308333333333334
62,1986,Massachusetts,3.35,7.91,3.35,7.91,3.35,7.91,109.6,3.35,3.35,7.91,3.35,7.91,4.0
63,1986,New York,3.35,7.91,3.35,7.91,3.35,7.91,109.6,3.35,3.35,7.91,3.35,7.91,6.216666666666666
64,1986,Pennsylvania,3.35,7.91,3.35,7.91,3.35,7.91,109.6,3.35,3.35,7.91,3.35,7.91,6.983333333333333
65,1986,Texas,1.4,3.3,3.35,7.91,3.35,7.91,109.6,1.4,1.4,3.3,1.4,3.3,8.75
66,1987,Colorado,1.9,4.33,3.35,7.63,3.35,7.63,113.6,1.9,1.9,4.33,1.9,4.33,7.541666666666667
67,1987,Illinois,2.3,5.24,3.35,7.63,3.35,7.63,113.6,2.3,2.3,5.24,2.3,5.24,7.466666666666666
68,1987,Massachusetts,3.35,7.63,3.35,7.63,3.35,7.63,113.6,3.35,3.35,7.63,3.35,7.63,3.341666666666667
69,1987,New York,3.35,7.63,3.35,7.63,3.35,7.63,113.6,3.35,3.35,7.63,3.35,7.63,4.791666666666667
70,1987,Pennsylvania,3.35,7.63,3.35,7.63,3.35,7.63,113.6,3.35,3.35,7.63,3.35,7.63,5.75
71,1987,Texas,1.4,3.19,3.35,7.63,3.35,7.63,113.6,1.4,1.4,3.19,1.4,3.19,8.508333333333333
72,1988,Colorado,3.0,6.56,3.35,7.32,3.35,7.32,118.3,3,3.0,6.56,3.0,6.56,6.416666666666667
73,1988,Illinois,3.35,7.32,3.35,7.32,3.35,7.32,118.3,3.35,3.35,7.32,3.35,7.32,6.741666666666667
74,1988,Massachusetts,3.65,7.98,3.35,7.32,3.65,7.98,118.3,3.65,3.65,7.98,3.65,7.98,3.3083333333333336
75,1988,New York,3.35,7.32,3.35,7.32,3.35,7.32,118.3,3.35,3.35,7.32,3.35,7.32,4.233333333333333
76,1988,Pennsylvania,3.35,7.32,3.35,7.32,3.35,7.32,118.3,3.35,3.35,7.32,3.35,7.32,5.133333333333334
77,1988,Texas,3.35,7.32,3.35,7.32,3.35,7.32,118.3,3.35,3.35,7.32,3.35,7.32,7.416666666666667
78,1989,Colorado,3.0,6.26,3.35,6.99,3.35,6.99,124.0,3,3.0,6.26,3.0,6.26,5.583333333333333
79,1989,Illinois,3.35,6.99,3.35,6.99,3.35,6.99,124.0,3.35,3.35,6.99,3.35,6.99,6.066666666666666
80,1989,Massachusetts,3.65,7.61,3.35,6.99,3.65,7.61,124.0,3.65,3.65,7.61,3.65,7.61,4.2250000000000005
81,1989,New York,3.35,6.99,3.35,6.99,3.35,6.99,124.0,3.35,3.35,6.99,3.35,6.99,4.866666666666666
82,1989,Pennsylvania,3.35,6.99,3.35,6.99,3.35,6.99,124.0,3.35,3.35,6.99,3.35,6.99,4.8999999999999995
83,1989,Texas,3.35,6.99,3.35,6.99,3.35,6.99,124.0,3.35,3.35,6.99,3.35,6.99,6.7250000000000005
84,1990,Colorado,3.0,5.94,3.35,6.63,3.35,6.63,130.7,3,3.0,5.94,3.0,5.94,5.133333333333333
85,1990,Illinois,3.35,6.63,3.35,6.63,3.35,6.63,130.7,3.35,3.35,6.63,3.35,6.63,6.3
86,1990,Massachusetts,3.65,7.22,3.35,6.63,3.65,7.22,130.7,3.65,3.65,7.22,3.65,7.22,6.383333333333333
87,1990,New York,3.35,6.63,3.35,6.63,3.35,6.63,130.7,3.35,3.35,6.63,3.35,6.63,5.3500000000000005
88,1990,Pennsylvania,3.35,6.63,3.35,6.63,3.35,6.63,130.7,3.35,3.35,6.63,3.35,6.63,5.516666666666667
89,1990,Texas,3.35,6.63,3.35,6.63,3.35,6.63,130.7,3.35,3.35,6.63,3.35,6.63,6.383333333333333
90,1991,Colorado,3.0,5.7,3.8,7.22,3.8,7.22,136.2,3,3.0,5.7,3.0,5.7,5.283333333333333
91,1991,Illinois,3.8,7.22,3.8,7.22,3.8,7.22,136.2,3.8,3.8,7.22,3.8,7.22,7.283333333333334
92,1991,Massachusetts,3.75,7.12,3.8,7.22,3.8,7.22,136.2,3.75,3.75,7.12,3.75,7.12,8.858333333333333
93,1991,New York,3.8,7.22,3.8,7.22,3.8,7.22,136.2,3.8,3.8,7.22,3.8,7.22,7.308333333333334
94,1991,Pennsylvania,3.8,7.22,3.8,7.22,3.8,7.22,136.2,3.8,3.8,7.22,3.8,7.22,6.916666666666667
95,1991,Texas,3.35,6.36,3.8,7.22,3.8,7.22,136.2,3.35,3.35,6.36,3.35,6.36,6.983333333333333
96,1992,Colorado,3.0,5.53,4.25,7.84,4.25,7.84,140.3,3,3.0,5.53,3.0,5.53,6.091666666666666
97,1992,Illinois,4.25,7.84,4.25,7.84,4.25,7.84,140.3,4.25,4.25,7.84,4.25,7.84,7.866666666666667
98,1992,Massachusetts,4.25,7.84,4.25,7.84,4.25,7.84,140.3,4.25,4.25,7.84,4.25,7.84,8.775
99,1992,New York,4.25,7.84,4.25,7.84,4.25,7.84,140.3,4.25,4.25,7.84,4.25,7.84,8.683333333333334
100,1992,Pennsylvania,4.25,7.84,4.25,7.84,4.25,7.84,140.3,4.25,4.25,7.84,4.25,7.84,7.45
101,1992,Texas,3.35,6.18,4.25,7.84,4.25,7.84,140.3,3.35,3.35,6.18,3.35,6.18,7.683333333333334
102,1993,Colorado,3.0,5.37,4.25,7.61,4.25,7.61,144.5,3,3.0,5.37,3.0,5.37,5.383333333333333
103,1993,Illinois,4.25,7.61,4.25,7.61,4.25,7.61,144.5,4.25,4.25,7.61,4.25,7.61,7.491666666666667
104,1993,Massachusetts,4.25,7.61,4.25,7.61,4.25,7.61,144.5,4.25,4.25,7.61,4.25,7.61,7.3
105,1993,New York,4.25,7.61,4.25,7.61,4.25,7.61,144.5,4.25,4.25,7.61,4.25,7.61,7.925
106,1993,Pennsylvania,4.25,7.61,4.25,7.61,4.25,7.61,144.5,4.25,4.25,7.61,4.25,7.61,6.933333333333334
107,1993,Texas,3.35,6.0,4.25,7.61,4.25,7.61,144.5,3.35,3.35,6.0,3.35,6.0,7.216666666666666
108,1994,Colorado,3.0,5.24,4.25,7.42,4.25,7.42,148.2,3,3.0,5.24,3.0,5.24,4.141666666666667
109,1994,Illinois,4.25,7.42,4.25,7.42,4.25,7.42,148.2,4.25,4.25,7.42,4.25,7.42,5.8
110,1994,Massachusetts,4.25,7.42,4.25,7.42,4.25,7.42,148.2,4.25,4.25,7.42,4.25,7.42,6.233333333333333
111,1994,New York,4.25,7.42,4.25,7.42,4.25,7.42,148.2,4.25,4.25,7.42,4.25,7.42,6.916666666666667
112,1994,Pennsylvania,4.25,7.42,4.25,7.42,4.25,7.42,148.2,4.25,4.25,7.42,4.25,7.42,6.316666666666666
113,1994,Texas,3.35,5.85,4.25,7.42,4.25,7.42,148.2,3.35,3.35,5.85,3.35,5.85,6.566666666666666
114,1995,Colorado,3.0,5.09,4.25,7.21,4.25,7.21,152.4,3,3.0,5.09,3.0,5.09,4.0249999999999995
115,1995,Illinois,4.25,7.21,4.25,7.21,4.25,7.21,152.4,4.25,4.25,7.21,4.25,7.21,5.2
116,1995,Massachusetts,4.25,7.21,4.25,7.21,4.25,7.21,152.4,4.25,4.25,7.21,4.25,7.21,5.458333333333333
117,1995,New York,4.25,7.21,4.25,7.21,4.25,7.21,152.4,4.25,4.25,7.21,4.25,7.21,6.333333333333333
118,1995,Pennsylvania,4.25,7.21,4.25,7.21,4.25,7.21,152.4,4.25,4.25,7.21,4.25,7.21,5.875
119,1995,Texas,3.35,5.69,4.25,7.21,4.25,7.21,152.4,3.35,3.35,5.69,3.35,5.69,6.116666666666667
120,1996,Colorado,3.0,4.95,4.25,7.01,4.25,7.01,156.9,3,3.0,4.95,3.0,4.95,4.166666666666667
121,1996,Illinois,4.25,7.01,4.25,7.01,4.25,7.01,156.9,4.25[c],4.25,7.01,4.25,7.01,5.283333333333333
122,1996,Massachusetts,4.75,7.83,4.25,7.01,4.75,7.83,156.9,4.75,4.75,7.83,4.75,7.83,4.616666666666667
123,1996,New York,4.25,7.01,4.25,7.01,4.25,7.01,156.9,4.25,4.25,7.01,4.25,7.01,6.258333333333333
124,1996,Pennsylvania,4.25,7.01,4.25,7.01,4.25,7.01,156.9,4.25,4.25,7.01,4.25,7.01,5.491666666666667
125,1996,Texas,3.35,5.52,4.25,7.01,4.25,7.01,156.9,3.35,3.35,5.52,3.35,5.52,5.75
126,1997,Colorado,4.75,7.66,4.75,7.66,4.75,7.66,160.5,4.75,4.75,7.66,4.75,7.66,3.358333333333333
127,1997,Illinois,4.75,7.66,4.75,7.66,4.75,7.66,160.5,4.75[c],4.75,7.66,4.75,7.66,4.7749999999999995
128,1997,Massachusetts,5.25,8.46,4.75,7.66,5.25,8.46,160.5,5.25,5.25,8.46,5.25,8.46,4.058333333333334
129,1997,New York,4.25,6.85,4.75,7.66,4.75,7.66,160.5,4.25,4.25,6.85,4.25,6.85,6.3999999999999995
130,1997,Pennsylvania,4.75,7.66,4.75,7.66,4.75,7.66,160.5,4.75,4.75,7.66,4.75,7.66,5.141666666666667
131,1997,Texas,3.35,5.4,4.75,7.66,4.75,7.66,160.5,3.35,3.35,5.4,3.35,5.4,5.391666666666667
132,1998,Colorado,5.15,8.17,5.15,8.17,5.15,8.17,163.0,5.15,5.15,8.17,5.15,8.17,3.6166666666666667
133,1998,Illinois,5.15,8.17,5.15,8.17,5.15,8.17,163.0,5.15[c],5.15,8.17,5.15,8.17,4.45
134,1998,Massachusetts,5.25,8.33,5.15,8.17,5.25,8.33,163.0,5.25,5.25,8.33,5.25,8.33,3.375
135,1998,New York,4.25,6.74,5.15,8.17,5.15,8.17,163.0,4.25,4.25,6.74,4.25,6.74,5.6000000000000005
136,1998,Pennsylvania,5.15,8.17,5.15,8.17,5.15,8.17,163.0,5.15,5.15,8.17,5.15,8.17,4.691666666666666
137,1998,Texas,3.35,5.32,5.15,8.17,5.15,8.17,163.0,3.35,3.35,5.32,3.35,5.32,4.966666666666667
138,1999,Colorado,5.15,8.0,5.15,8.0,5.15,8.0,166.6,5.15,5.15,8.0,5.15,8.0,3.016666666666667
139,1999,Illinois,5.15,8.0,5.15,8.0,5.15,8.0,166.6,5.15[c],5.15,8.0,5.15,8.0,4.408333333333333
140,1999,Massachusetts,5.25,8.15,5.15,8.0,5.25,8.15,166.6,5.25,5.25,8.15,5.25,8.15,3.283333333333333
141,1999,New York,4.25,6.6,5.15,8.0,5.15,8.0,166.6,4.25,4.25,6.6,4.25,6.6,5.183333333333334
142,1999,Pennsylvania,5.15,8.0,5.15,8.0,5.15,8.0,166.6,5.15,5.15,8.0,5.15,8.0,4.491666666666666
143,1999,Texas,3.35,5.2,5.15,8.0,5.15,8.0,166.6,3.35,3.35,5.2,3.35,5.2,4.7250000000000005
144,2000,Colorado,5.15,7.74,5.15,7.74,5.15,7.74,172.2,5.15,5.15,7.74,5.15,7.74,2.7416666666666667
145,2000,Illinois,5.15,7.74,5.15,7.74,5.15,7.74,172.2,5.15[c],5.15,7.74,5.15,7.74,4.441666666666667
146,2000,Massachusetts,6.0,9.01,5.15,7.74,6.0,9.01,172.2,6,6.0,9.01,6.0,9.01,2.8166666666666664
147,2000,New York,4.25,6.38,5.15,7.74,5.15,7.74,172.2,4.25,4.25,6.38,4.25,6.38,4.508333333333334
148,2000,Pennsylvania,5.15,7.74,5.15,7.74,5.15,7.74,172.2,5.15,5.15,7.74,5.15,7.74,4.225
149,2000,Texas,3.35,5.03,5.15,7.74,5.15,7.74,172.2,3.35,3.35,5.03,3.35,5.03,4.383333333333334
150,2001,Colorado,5.15,7.52,5.15,7.52,5.15,7.52,177.1,5.15,5.15,7.52,5.15,7.52,3.8166666666666664
151,2001,Illinois,5.15,7.52,5.15,7.52,5.15,7.52,177.1,5.15[c],5.15,7.52,5.15,7.52,5.433333333333334
152,2001,Massachusetts,6.75,9.86,5.15,7.52,6.75,9.86,177.1,6.75,6.75,9.86,6.75,9.86,3.783333333333333
153,2001,New York,5.15,7.52,5.15,7.52,5.15,7.52,177.1,5.15,5.15,7.52,5.15,7.52,4.875
154,2001,Pennsylvania,5.15,7.52,5.15,7.52,5.15,7.52,177.1,5.15,5.15,7.52,5.15,7.52,4.808333333333334
155,2001,Texas,3.35,4.89,5.15,7.52,5.15,7.52,177.1,3.35,3.35,4.89,3.35,4.89,4.958333333333333
156,2002,Colorado,5.15,7.4,5.15,7.4,5.15,7.4,179.9,5.15,5.15,7.4,5.15,7.4,5.683333333333334
157,2002,Illinois,5.15,7.4,5.15,7.4,5.15,7.4,179.9,5.15[c],5.15,7.4,5.15,7.4,6.55
158,2002,Massachusetts,6.75,9.71,5.15,7.4,6.75,9.71,179.9,6.75,6.75,9.71,6.75,9.71,5.216666666666667
159,2002,New York,5.15,7.4,5.15,7.4,5.15,7.4,179.9,5.15,5.15,7.4,5.15,7.4,6.2
160,2002,Pennsylvania,5.15,7.4,5.15,7.4,5.15,7.4,179.9,5.15,5.15,7.4,5.15,7.4,5.533333333333334
161,2002,Texas,5.15,7.4,5.15,7.4,5.15,7.4,179.9,5.15,5.15,7.4,5.15,7.4,6.358333333333333
162,2003,Colorado,5.15,7.24,5.15,7.24,5.15,7.24,184.0,5.15,5.15,7.24,5.15,7.24,6.108333333333333
163,2003,Illinois,5.15,7.24,5.15,7.24,5.15,7.24,184.0,5.15[c],5.15,7.24,5.15,7.24,6.7250000000000005
164,2003,Massachusetts,6.75,9.49,5.15,7.24,6.75,9.49,184.0,6.75,6.75,9.49,6.75,9.49,5.733333333333333
165,2003,New York,5.15,7.24,5.15,7.24,5.15,7.24,184.0,5.15,5.15,7.24,5.15,7.24,6.3999999999999995
166,2003,Pennsylvania,5.15,7.24,5.15,7.24,5.15,7.24,184.0,5.15,5.15,7.24,5.15,7.24,5.7
167,2003,Texas,5.15,7.24,5.15,7.24,5.15,7.24,184.0,5.15,5.15,7.24,5.15,7.24,6.733333333333333
168,2004,Colorado,5.15,7.05,5.15,7.05,5.15,7.05,188.9,5.15,5.15,7.05,5.15,7.05,5.566666666666666
169,2004,Illinois,5.5,7.53,5.15,7.05,5.5,7.53,188.9,5.50[c],5.5,7.53,5.5,7.53,6.175
170,2004,Massachusetts,6.75,9.24,5.15,7.05,6.75,9.24,188.9,6.75,6.75,9.24,6.75,9.24,5.108333333333333
171,2004,New York,5.15,7.05,5.15,7.05,5.15,7.05,188.9,5.15,5.15,7.05,5.15,7.05,5.791666666666667
172,2004,Pennsylvania,5.15,7.05,5.15,7.05,5.15,7.05,188.9,5.15,5.15,7.05,5.15,7.05,5.358333333333333
173,2004,Texas,5.15,7.05,5.15,7.05,5.15,7.05,188.9,5.15,5.15,7.05,5.15,7.05,6.016666666666667
174,2005,Colorado,5.15,6.82,5.15,6.82,5.15,6.82,195.3,5.15,5.15,6.82,5.15,6.82,5.075
175,2005,Illinois,6.5,8.61,5.15,6.82,6.5,8.61,195.3,6.50[c],6.5,8.61,6.5,8.61,5.716666666666666
176,2005,Massachusetts,6.75,8.94,5.15,6.82,6.75,8.94,195.3,6.75,6.75,8.94,6.75,8.94,4.8
177,2005,New York,6.0,7.95,5.15,6.82,6.0,7.95,195.3,6,6.0,7.95,6.0,7.95,4.958333333333333
178,2005,Pennsylvania,5.15,6.82,5.15,6.82,5.15,6.82,195.3,5.15,5.15,6.82,5.15,6.82,4.983333333333333
179,2005,Texas,5.15,6.82,5.15,6.82,5.15,6.82,195.3,5.15,5.15,6.82,5.15,6.82,5.458333333333333
180,2006,Colorado,5.15,6.61,5.15,6.61,5.15,6.61,201.6,5.15,5.15,6.61,5.15,6.61,4.2749999999999995
181,2006,Illinois,6.5,8.34,5.15,6.61,6.5,8.34,201.6,6.50[c],6.5,8.34,6.5,8.34,4.6000000000000005
182,2006,Massachusetts,6.75,8.66,5.15,6.61,6.75,8.66,201.6,6.75,6.75,8.66,6.75,8.66,4.7
183,2006,New York,6.75,8.66,5.15,6.61,6.75,8.66,201.6,6.75,6.75,8.66,6.75,8.66,4.533333333333333
184,2006,Pennsylvania,5.15,6.61,5.15,6.61,5.15,6.61,201.6,5.15,5.15,6.61,5.15,6.61,4.708333333333333
185,2006,Texas,5.15,6.61,5.15,6.61,5.15,6.61,201.6,5.15,5.15,6.61,5.15,6.61,5.0
186,2007,Colorado,6.85,8.55,5.15,6.42,6.85,8.55,207.342,6.85,6.85,8.55,6.85,8.55,3.6999999999999997
187,2007,Illinois,7.5,9.36,5.15,6.42,7.5,9.36,207.342,7.50[c],7.5,9.36,7.5,9.36,5.066666666666666
188,2007,Massachusetts,7.5,9.36,5.15,6.42,7.5,9.36,207.342,7.5,7.5,9.36,7.5,9.36,4.516666666666667
189,2007,New York,7.15,8.92,5.15,6.42,7.15,8.92,207.342,7.15,7.15,8.92,7.15,8.92,4.433333333333334
190,2007,Pennsylvania,6.25,7.8,5.15,6.42,6.25,7.8,207.342,6.25,6.25,7.8,6.25,7.8,4.558333333333334
191,2007,Texas,5.15,6.42,5.15,6.42,5.15,6.42,207.342,5.15,5.15,6.42,5.15,6.42,4.366666666666666
192,2008,Colorado,7.02,8.43,5.85,7.03,7.02,8.43,215.303,7.02,7.02,8.43,7.02,8.43,4.875
193,2008,Illinois,7.75,9.31,5.85,7.03,7.75,9.31,215.303,7.75[c],7.75,9.31,7.75,9.31,6.508333333333333
194,2008,Massachusetts,8.0,9.61,5.85,7.03,8.0,9.61,215.303,8,8.0,9.61,8.0,9.61,5.333333333333333
195,2008,New York,7.15,8.59,5.85,7.03,7.15,8.59,215.303,7.15,7.15,8.59,7.15,8.59,5.408333333333334
196,2008,Pennsylvania,7.15,8.59,5.85,7.03,7.15,8.59,215.303,7.15,7.15,8.59,7.15,8.59,5.3500000000000005
197,2008,Texas,5.85,7.03,5.85,7.03,5.85,7.03,215.303,5.85,5.85,7.03,5.85,7.03,4.866666666666666
198,2009,Colorado,7.28,8.78,6.55,7.9,7.28,8.78,214.537,7.28,7.28,8.78,7.28,8.78,7.875
199,2009,Illinois,8.0,9.65,6.55,7.9,8.0,9.65,214.537,8.00[c],8.0,9.65,8.0,9.65,10.183333333333334
200,2009,Massachusetts,8.0,9.65,6.55,7.9,8.0,9.65,214.537,8,8.0,9.65,8.0,9.65,8.075000000000001
201,2009,New York,7.15,8.62,6.55,7.9,7.15,8.62,214.537,7.15,7.15,8.62,7.15,8.62,8.366666666666667
202,2009,Pennsylvania,7.15,8.62,6.55,7.9,7.15,8.62,214.537,7.15,7.15,8.62,7.15,8.62,7.974999999999999
203,2009,Texas,6.55,7.9,6.55,7.9,6.55,7.9,214.537,6.55,6.55,7.9,6.55,7.9,7.541666666666667
204,2010,Colorado,7.24,8.59,7.25,8.6,7.25,8.6,218.056,7.24,7.24,8.59,7.24,8.59,9.141666666666667
205,2010,Illinois,8.25,9.79,7.25,8.6,8.25,9.79,218.056,8.25[c],8.25,9.79,8.25,9.79,10.466666666666667
206,2010,Massachusetts,8.0,9.49,7.25,8.6,8.0,9.49,218.056,8,8.0,9.49,8.0,9.49,8.058333333333334
207,2010,New York,7.25,8.6,7.25,8.6,7.25,8.6,218.056,7.25,7.25,8.6,7.25,8.6,8.716666666666667
208,2010,Pennsylvania,7.25,8.6,7.25,8.6,7.25,8.6,218.056,7.25,7.25,8.6,7.25,8.6,8.166666666666666
209,2010,Texas,7.25,8.6,7.25,8.6,7.25,8.6,218.056,7.25,7.25,8.6,7.25,8.6,8.191666666666666
210,2011,Colorado,7.36,8.46,7.25,8.34,7.36,8.46,224.939,7.36,7.36,8.46,7.36,8.46,8.691666666666666
211,2011,Illinois,8.25,9.49,7.25,8.34,8.25,9.49,224.939,8.25[c],8.25,9.49,8.25,9.49,9.758333333333333
212,2011,Massachusetts,8.0,9.2,7.25,8.34,8.0,9.2,224.939,8,8.0,9.2,8.0,9.2,7.2250000000000005
213,2011,New York,7.25,8.34,7.25,8.34,7.25,8.34,224.939,7.25,7.25,8.34,7.25,8.34,8.358333333333333
214,2011,Pennsylvania,7.25,8.34,7.25,8.34,7.25,8.34,224.939,7.25,7.25,8.34,7.25,8.34,7.741666666666667
215,2011,Texas,7.25,8.34,7.25,8.34,7.25,8.34,224.939,7.25,7.25,8.34,7.25,8.34,8.016666666666667
216,2012,Colorado,7.64,8.61,7.25,8.17,7.64,8.61,229.594,7.64,7.64,8.61,7.64,8.61,8.0
217,2012,Illinois,8.25,9.29,7.25,8.17,8.25,9.29,229.594,8.25[c],8.25,9.29,8.25,9.29,9.049999999999999
218,2012,Massachusetts,8.0,9.01,7.25,8.17,8.0,9.01,229.594,8,8.0,9.01,8.0,9.01,6.7
219,2012,New York,7.25,8.17,7.25,8.17,7.25,8.17,229.594,7.25,7.25,8.17,7.25,8.17,8.625
220,2012,Pennsylvania,7.25,8.17,7.25,8.17,7.25,8.17,229.594,7.25,7.25,8.17,7.25,8.17,7.658333333333334
221,2012,Texas,7.25,8.17,7.25,8.17,7.25,8.17,229.594,7.25,7.25,8.17,7.25,8.17,6.708333333333333
222,2013,Colorado,7.78,8.64,7.25,8.05,7.78,8.64,232.957,7.78,7.78,8.64,7.78,8.64,6.75
223,2013,Illinois,8.25,9.16,7.25,8.05,8.25,9.16,232.957,8.25[c],8.25,9.16,8.25,9.16,9.075000000000001
224,2013,Massachusetts,8.0,8.88,7.25,8.05,8.0,8.88,232.957,8,8.0,8.88,8.0,8.88,6.641666666666667
225,2013,New York,7.25,8.05,7.25,8.05,7.25,8.05,232.957,7.25,7.25,8.05,7.25,8.05,7.791666666666667
226,2013,Pennsylvania,7.25,8.05,7.25,8.05,7.25,8.05,232.957,7.25,7.25,8.05,7.25,8.05,7.1000000000000005
227,2013,Texas,7.25,8.05,7.25,8.05,7.25,8.05,232.957,7.25,7.25,8.05,7.25,8.05,6.3
228,2014,Colorado,8.0,8.74,7.25,7.92,8.0,8.74,236.736,8,8.0,8.74,8.0,8.74,4.983333333333333
229,2014,Illinois,8.25,9.01,7.25,7.92,8.25,9.01,236.736,8.25[c],8.25,9.01,8.25,9.01,7.166666666666667
230,2014,Massachusetts,8.0,8.74,7.25,7.92,8.0,8.74,236.736,8,8.0,8.74,8.0,8.74,5.741666666666667
231,2014,New York,8.0,8.74,7.25,7.92,8.0,8.74,236.736,8,8.0,8.74,8.0,8.74,6.291666666666667
232,2014,Pennsylvania,7.25,7.92,7.25,7.92,7.25,7.92,236.736,7.25,7.25,7.92,7.25,7.92,5.933333333333334
233,2014,Texas,7.25,7.92,7.25,7.92,7.25,7.92,236.736,7.25,7.25,7.92,7.25,7.92,5.191666666666666
234,2015,Colorado,8.23,8.98,7.25,7.91,8.23,8.98,237.017,8.23,8.23,8.98,8.23,8.98,3.7416666666666667
235,2015,Illinois,8.25,9.0,7.25,7.91,8.25,9.0,237.017,8.25[c],8.25,9.0,8.25,9.0,5.991666666666667
236,2015,Massachusetts,9.0,9.82,7.25,7.91,9.0,9.82,237.017,9,9.0,9.82,9.0,9.82,4.791666666666667
237,2015,New York,8.75,9.55,7.25,7.91,8.75,9.55,237.017,8.75,8.75,9.55,8.75,9.55,5.233333333333333
238,2015,Pennsylvania,7.25,7.91,7.25,7.91,7.25,7.91,237.017,7.25,7.25,7.91,7.25,7.91,5.391666666666667
239,2015,Texas,7.25,7.91,7.25,7.91,7.25,7.91,237.017,7.25,7.25,7.91,7.25,7.91,4.483333333333333
240,2016,Colorado,8.31,8.96,7.25,7.81,8.31,8.96,240.007,8.31,8.31,8.96,8.31,8.96,3.1333333333333333
241,2016,Illinois,8.25,8.89,7.25,7.81,8.25,8.89,240.007,8.25[c],8.25,8.89,8.25,8.89,5.883333333333333
242,2016,Massachusetts,10.0,10.78,7.25,7.81,10.0,10.78,240.007,10,10.0,10.78,10.0,10.78,4.041666666666667
243,2016,New York,9.0,9.7,7.25,7.81,9.0,9.7,240.007,9,9.0,9.7,9.0,9.7,4.875
244,2016,Pennsylvania,7.25,7.81,7.25,7.81,7.25,7.81,240.007,7.25,7.25,7.81,7.25,7.81,5.341666666666666
245,2016,Texas,7.25,7.81,7.25,7.81,7.25,7.81,240.007,7.25,7.25,7.81,7.25,7.81,4.6499999999999995
246,2017,Colorado,9.3,9.81,7.25,7.65,9.3,9.81,245.12,9.3,9.3,9.81,9.3,9.81,2.6083333333333334
247,2017,Illinois,8.25,8.71,7.25,7.65,8.25,8.71,245.12,8.25[c],8.25,8.71,8.25,8.71,4.95
248,2017,Massachusetts,11.0,11.61,7.25,7.65,11.0,11.61,245.12,11,11.0,11.61,11.0,11.61,3.7916666666666665
249,2017,New York,9.7,10.24,7.25,7.65,9.7,10.24,245.12,9.7,9.7,10.24,9.7,10.24,4.633333333333334
250,2017,Pennsylvania,7.25,7.65,7.25,7.65,7.25,7.65,245.12,7.25,7.25,7.65,7.25,7.65,4.9750000000000005
251,2017,Texas,7.25,7.65,7.25,7.65,7.25,7.65,245.12,7.25,7.25,7.65,7.25,7.65,4.341666666666667
252,2018,Colorado,10.2,10.51,7.25,7.47,10.2,10.51,251.107,10.2,10.2,10.51,10.2,10.51,3.0083333333333333
253,2018,Illinois,8.25,8.5,7.25,7.47,8.25,8.5,251.107,8.25[c],8.25,8.5,8.25,8.5,4.375
254,2018,Massachusetts,11.0,11.33,7.25,7.47,11.0,11.33,251.107,11,11.0,11.33,11.0,11.33,3.4499999999999997
255,2018,New York,10.4,10.71,7.25,7.47,10.4,10.71,251.107,10.4,10.4,10.71,10.4,10.71,4.1000000000000005
256,2018,Pennsylvania,7.25,7.47,7.25,7.47,7.25,7.47,251.107,7.25,7.25,7.47,7.25,7.47,4.45
257,2018,Texas,7.25,7.47,7.25,7.47,7.25,7.47,251.107,7.25,7.25,7.47,7.25,7.47,3.9
258,2019,Colorado,12.0,12.14,7.25,7.34,12.0,12.14,255.657,12,12.0,12.14,12.0,12.14,2.6
259,2019,Illinois,9.25,9.36,7.25,7.34,9.25,9.36,255.657,9.25[c],9.25,9.36,9.25,9.36,3.9416666666666664
260,2019,Massachusetts,12.75,12.9,7.25,7.34,12.75,12.9,255.657,12.75,12.75,12.9,12.75,12.9,3.0583333333333336
261,2019,New York,11.8,11.94,7.25,7.34,11.8,11.94,255.657,11.8,11.8,11.94,11.8,11.94,3.8249999999999997
262,2019,Pennsylvania,7.25,7.34,7.25,7.34,7.25,7.34,255.657,7.25,7.25,7.34,7.25,7.34,4.458333333333333
263,2019,Texas,7.25,7.34,7.25,7.34,7.25,7.34,255.657,7.25,7.25,7.34,7.25,7.34,3.516666666666667
264,2020,Colorado,12.0,12.0,7.25,7.25,12.0,12.0,258.66,12,12.0,12.0,12.0,12.0,6.883333333333333
265,2020,Illinois,9.25,9.25,7.25,7.25,9.25,9.25,258.66,9.25[c],9.25,9.25,9.25,9.25,9.216666666666667
266,2020,Massachusetts,12.75,12.75,7.25,7.25,12.75,12.75,258.66,12.75,12.75,12.75,12.75,12.75,9.450000000000001
267,2020,New York,11.8,11.8,7.25,7.25,11.8,11.8,258.66,11.8,11.8,11.8,11.8,11.8,9.941666666666666
268,2020,Pennsylvania,7.25,7.25,7.25,7.25,7.25,7.25,258.66,7.25,7.25,7.25,7.25,7.25,9.091666666666667
269,2020,Texas,7.25,7.25,7.25,7.25,7.25,7.25,258.66,7.25,7.25,7.25,7.25,7.25,7.708333333333333
